[
  {
    "description": "    application Regression",
    "keyword": "Feature",
    "name": "End to End Ecommerce validation",
    "line": 1,
    "id": "end-to-end-ecommerce-validation",
    "tags": [],
    "uri": "ecommerce.feature",
    "elements": [
      {
        "id": "end-to-end-ecommerce-validation;ecommerce-products-delivery",
        "keyword": "Scenario",
        "line": 8,
        "name": "Ecommerce products delivery",
        "tags": [
          {
            "name": "@Regression",
            "line": 7
          }
        ],
        "type": "scenario",
        "steps": [
          {
            "arguments": [],
            "keyword": "Given ",
            "line": 9,
            "name": "I open Ecommerce Page",
            "result": {
              "status": "passed",
              "duration": 899000000
            }
          },
          {
            "arguments": [],
            "keyword": "When ",
            "line": 10,
            "name": "I add items to Cart",
            "result": {
              "status": "passed",
              "duration": 56248000000
            }
          },
          {
            "arguments": [],
            "keyword": "And ",
            "line": 11,
            "name": "Validate the total prices",
            "result": {
              "status": "passed",
              "duration": 36000000
            }
          },
          {
            "arguments": [],
            "keyword": "Then ",
            "line": 12,
            "name": "select the country submit and verify Success",
            "result": {
              "status": "passed",
              "duration": 8834000000
            }
          }
        ]
      },
      {
        "id": "end-to-end-ecommerce-validation;filling-the-form-to-shop",
        "keyword": "Scenario",
        "line": 15,
        "name": "Filling the form to shop",
        "tags": [
          {
            "name": "@Smoke",
            "line": 14
          }
        ],
        "type": "scenario",
        "steps": [
          {
            "arguments": [],
            "keyword": "Given ",
            "line": 16,
            "name": "I open Ecommerce Page",
            "result": {
              "status": "passed",
              "duration": 891000000
            }
          },
          {
            "arguments": [
              {
                "rows": [
                  {
                    "cells": [
                      "myname",
                      "myemail",
                      "mypassword",
                      "mygender"
                    ]
                  },
                  {
                    "cells": [
                      "Tong Yao",
                      "squiddy1999@gmail.com",
                      "TongYao@1999",
                      "Female"
                    ]
                  }
                ]
              }
            ],
            "keyword": "When ",
            "line": 17,
            "name": "I fill the form details",
            "result": {
              "status": "passed",
              "duration": 1289000000
            }
          },
          {
            "arguments": [],
            "keyword": "Then ",
            "line": 20,
            "name": "Validate the form behaviour",
            "result": {
              "status": "passed",
              "duration": 107000000
            }
          },
          {
            "arguments": [],
            "keyword": "And ",
            "line": 21,
            "name": "select the shop page",
            "result": {
              "status": "passed",
              "duration": 33322000000
            }
          }
        ]
      }
    ]
  }
]